{"AllClient": {"f1": [0.6523781561949501, 0.6651283530429767, 0.6777408637873754, 0.6639392168322619, 0.6658837345860247, 0.6452004860267315, 0.6519770600664051, 0.6313479623824452, 0.6296181310152127, 0.63295066708036, 0.6318732525629077, 0.631019387116948, 0.635, 0.6368221941992434, 0.6417212347988774], "f1_var": [0.03270720346409785, 0.03545780607258013, 0.03966207148489722, 0.04278840501967195, 0.03483064633431797, 0.03622376192068603, 0.09355315501057568, 0.08826270048452738, 0.034135301702438114, 0.03342160437394733, 0.09035337500067943, 0.08849268276275216, 0.0902684116643838, 0.03800752047019155, 0.08888021120560008], "cost": [1.0, 1.0, 1.0, 1.0, 1.0, 1.0, 1.0, 1.0, 1.0, 1.0, 1.0, 1.0, 1.0, 1.0, 1.0], "auc": [0.6312352549816734, 0.6504956162907453, 0.654737997861207, 0.6630921476910016, 0.6545941191356663, 0.6433613743785664, 0.6365564718895664, 0.6322194466893607, 0.6234104462077241, 0.6191866872382632, 0.6180945864864203, 0.6255017898105291, 0.6173611621319358, 0.6358250883680683, 0.6219601792667695]}, "Random": {"f1": [0.5958477508650519, 0.6121773659827928, 0.6424205378973105, 0.5920104780615586, 0.643598615916955, 0.6038915913829048, 0.6452738053714684, 0.6693184831609653, 0.6348791639451339, 0.6650730411686587, 0.6265697290152016, 0.6445358401880141, 0.5907738095238095, 0.6316151202749141, 0.5770907649623465], "f1_var": [0.052330402691145805, 0.03280697724088299, 0.03354045923613943, 0.022291809079795638, 0.027158211801584675, 0.032442320317162036, 0.1732162878733835, 0.023069757544833643, 0.04002361188932879, 0.01741488486478363, 0.036135516024918636, 0.04249992980456665, 0.0007133809795864748, 0.016962838133797162, 0.012808946647133753], "cost": [0.42857142857142855, 0.42857142857142855, 0.42857142857142855, 0.42857142857142855, 0.42857142857142855, 0.42857142857142855, 0.42857142857142855, 0.42857142857142855, 0.42857142857142855, 0.42857142857142855, 0.42857142857142855, 0.42857142857142855, 0.42857142857142855, 0.42857142857142855, 0.42857142857142855], "auc": [0.5900303267781778, 0.5937961738463171, 0.6225905415554414, 0.6222759981714137, 0.6375187246426501, 0.6484920285063551, 0.6519693528110434, 0.6139167462591532, 0.6205831272092017, 0.6188627050016735, 0.6490634617425448, 0.6011452134303137, 0.648588202760839, 0.6504690854619222, 0.6487718777296142]}, "Greedy": {"f1": [0.6426014319809069, 0.638680659670165, 0.6372220530003045, 0.6491885143570537, 0.658678756476684, 0.6456595613222119, 0.6553079947575361, 0.6456542502387774, 0.6525215252152522, 0.6553267681289168, 0.6446229913473424, 0.6422712933753943, 0.662111801242236, 0.6591712174751044, 0.6452418096723869], "f1_var": [0.0011735258065883392, 0.0006367822031044689, 0.0007910638161645099, 0.0013112940129984142, 0.0007604497890176361, 0.00099491863527291, 0.0008904067664242801, 0.0010807347568288828, 0.0007910638161645099, 0.0007433773415058761, 0.0006520699410807927, 0.0006071692569095326, 0.0006810382635722371, 0.0006520699410807927, 0.0007866059958170742], "cost": [0.42857142857142855, 0.42857142857142855, 0.42857142857142855, 0.42857142857142855, 0.42857142857142855, 0.42857142857142855, 0.42857142857142855, 0.42857142857142855, 0.42857142857142855, 0.42857142857142855, 0.42857142857142855, 0.42857142857142855, 0.42857142857142855, 0.42857142857142855, 0.42857142857142855], "auc": [0.6253168393211374, 0.6216407889043992, 0.6243367292794227, 0.644138421538135, 0.6502527571653646, 0.6380633719458935, 0.6497190793394231, 0.6466756871484665, 0.6403725744699957, 0.6373883664356443, 0.6280505351064091, 0.6331194540363595, 0.6580681270867518, 0.6564859713140516, 0.6478160025796129]}, "Clustered": {"f1": [0.575575221238938, 0.6167216062331435, 0.5535353535353535, 0.4166301969365427, 0.42791127541589646, 0.5266768292682927, 0.5864259445001672, 0.5867740852635113, 0.6004859423811176, 0.6200931470392548, 0.614354066985646, 0.6284007962840079, 0.6123613312202852, 0.6174678402166554, 0.6309235558630232], "f1_var": [0.01812769925418575, 0.012957674731053137, 0.012333965290772922, 0.01076557312052918, 0.012757156357667386, 0.01267868022699977, 0.014430246540360457, 0.015950533999218686, 0.013041678409747267, 0.013129356839403196, 0.014713333077579785, 0.01100021644111288, 0.01298256548293908, 0.01100021644111288, 0.011106928533042307], "cost": [0.42857142857142855, 0.42857142857142855, 0.42857142857142855, 0.42857142857142855, 0.42857142857142855, 0.42857142857142855, 0.42857142857142855, 0.42857142857142855, 0.42857142857142855, 0.42857142857142855, 0.42857142857142855, 0.42857142857142855, 0.42857142857142855, 0.42857142857142855, 0.42857142857142855], "auc": [0.5821649564486241, 0.5508769459342525, 0.5736549379994939, 0.6004990346859974, 0.6248288251332663, 0.6186027539000318, 0.5702194507710268, 0.5725296737116221, 0.6135874068359741, 0.6101019191993404, 0.590538239087666, 0.5895063429089217, 0.5978533498232639, 0.6082182303529009, 0.6457721083437417]}, "PSO": {"f1": [0.6325794821370042, 0.6479053405820275, 0.6282722513089005, 0.6703747072599532, 0.6651081239041496, 0.6653950953678475, 0.6463970811796899, 0.629220380601596, 0.6131713554987213, 0.6555010106843777, 0.630154233553667, 0.6013167520117044, 0.6473838154046149, 0.6353971232020013, 0.6650351789538085], "f1_var": [0.01946340812047743, 0.0007318657205800154, 0.0050239232554993435, 0.022364770096681166, 0.2012219354653362, 0.014143908916744101, 0.013878830833896273, 0.07260347599731225, 0.0, 0.03722423928184771, 0.013465803157018093, 0.0016229299277978454, 0.012183339781885353, 0.03143527389718397, 0.012522344446246772], "cost": [0.5714285714285714, 0.2857142857142857, 0.2857142857142857, 0.2857142857142857, 0.2857142857142857, 0.42857142857142855, 0.2857142857142857, 0.42857142857142855, 0.14285714285714285, 0.42857142857142855, 0.42857142857142855, 0.2857142857142857, 0.2857142857142857, 0.42857142857142855, 0.42857142857142855], "auc": [0.5912150303267782, 0.6143162393162394, 0.5886282745165266, 0.6225487044792202, 0.6175626943893421, 0.6045087612960105, 0.6009232728430436, 0.5961599686528054, 0.597257936799484, 0.5911604380443922, 0.625510208246598, 0.640873598968155, 0.6446011804177993, 0.6315352574306728, 0.6322043955460862]}, "GWO": {"f1": [0.6835836354220611, 0.6789141760350973, 0.6828143021914648, 0.6738173817381738, 0.6806700345652752, 0.6476652516676774, 0.6505109489051095, 0.6518518518518519, 0.6192083461184412, 0.6284040995607614, 0.6378611936267891, 0.5798107255520505, 0.6221122112211221, 0.6372861699043201, 0.6650381679389313], "f1_var": [0.018476281762097663, 0.03130884830133248, 0.007829502941819694, 0.004702147229240272, 0.029855816309758903, 0.015486419753086426, 0.0, 0.0005354172099295544, 0.0, 0.0, 0.0, 0.0, 0.0, 0.0, 0.012842591491830592], "cost": [0.2857142857142857, 0.2857142857142857, 0.2857142857142857, 0.2857142857142857, 0.2857142857142857, 0.2857142857142857, 0.14285714285714285, 0.2857142857142857, 0.14285714285714285, 0.14285714285714285, 0.14285714285714285, 0.14285714285714285, 0.14285714285714285, 0.14285714285714285, 0.42857142857142855], "auc": [0.6305316778096147, 0.6324110298859582, 0.6277467060955599, 0.5516955750659189, 0.6160519677711654, 0.5882680674944285, 0.5937727042669736, 0.5975331941485236, 0.5978309006604136, 0.5775720618127494, 0.5503835745597924, 0.5822034771712422, 0.5694337300712659, 0.5947678654519629, 0.6207849145707312]}, "Hybrid PSO-GWO": {"f1": [0.6532072578584206, 0.6430247718383312, 0.6727594339622641, 0.676131322094055, 0.6530259365994237, 0.6772300469483568, 0.658576582486061, 0.6948571428571428, 0.698531528937518, 0.6565406075635462, 0.6732613908872902, 0.6691176470588235, 0.6737481031866465, 0.6881720430107527, 0.6666666666666666], "f1_var": [0.0, 0.0, 0.009786616794015022, 0.0, 0.0, 0.008451919907605071, 0.0, 0.0, 0.020198273328089773, 0.0, 0.0, 0.0, 0.0, 0.0006119004146642121, 0.0],