round,strategy,accuracy,f1,auc,fairness,comm_cost,selected_clients,selected_client_names,proxy_f1,proxy_fairness,proxy_comm_cost,pareto_size
1,mho,0.8407407407407408,0.3504531722054381,0.7165907722414571,0.33333333333333337,0.6666666666666666,2,IoT_Fridge.csv;IoT_Garage_Door.csv,0.36936936936936937,0.5748938104101013,0.6666666666666666,1.0
2,mho,0.7651851851851852,0.32696390658174096,0.7151301181695018,0.5313299443611491,0.6666666666666666,2,IoT_Garage_Door.csv;IoT_Fridge.csv,0.3685393258426966,0.5740198675175932,0.6666666666666666,4.0
3,mho,0.8407407407407408,0.3504531722054381,0.7113644061418034,0.33333333333333337,0.6666666666666666,2,IoT_Fridge.csv;IoT_Garage_Door.csv,0.3532110091743119,0.5433214536058516,0.6666666666666666,3.0
4,mho,0.8407407407407408,0.3504531722054381,0.7180678910130965,0.33333333333333337,0.6666666666666666,2,IoT_Fridge.csv;IoT_Thermostat.csv,0.336283185840708,0.8425121091587259,0.6666666666666666,2.0
5,mho,0.7185185185185186,0.3448275862068966,0.739055678910131,0.5920008273223195,0.6666666666666666,2,IoT_Fridge.csv;IoT_Garage_Door.csv,0.33229813664596275,0.5740020765117178,0.6666666666666666,4.0
