round,strategy,accuracy,f1,auc,fairness,comm_cost,selected_clients,selected_client_names
1,greedy,0.6288888888888889,0.30896551724137933,0.7166472226403733,0.5738594310218176,0.6666666666666666,2,IoT_Garage_Door.csv;IoT_Thermostat.csv
2,greedy,0.7207407407407408,0.34205933682373474,0.7200930490742135,0.5920008273223195,0.6666666666666666,2,IoT_Garage_Door.csv;IoT_Fridge.csv
3,greedy,0.8407407407407408,0.3504531722054381,0.7199989650760199,0.33333333333333337,0.6666666666666666,2,IoT_Garage_Door.csv;IoT_Fridge.csv
4,greedy,0.8407407407407408,0.3504531722054381,0.7219417996387175,0.33333333333333337,0.6666666666666666,2,IoT_Garage_Door.csv;IoT_Fridge.csv
5,greedy,0.8407407407407408,0.3504531722054381,0.7293179850970946,0.33333333333333337,0.6666666666666666,2,IoT_Garage_Door.csv;IoT_Fridge.csv
