round,strategy,accuracy,f1,auc,fairness,comm_cost,selected_clients,selected_client_names
1,clustered,0.8351851851851851,0.0,0.512979894865343,0.0,0.6666666666666666,2,IoT_Fridge.csv;IoT_Modbus.csv
2,clustered,0.812962962962963,0.056074766355140186,0.4997010388898578,0.5605422178670587,0.6666666666666666,2,IoT_Modbus.csv;IoT_Fridge.csv
3,clustered,0.6759259259259259,0.1784037558685446,0.4990034629661924,0.8682109876349978,0.6666666666666666,2,IoT_Modbus.csv;IoT_Fridge.csv
