round,strategy,accuracy,f1,auc,fairness,comm_cost,selected_clients,selected_client_names
1,greedy,0.22407407407407406,0.28862478777589134,0.5919056279428984,0.9542974262501621,0.6666666666666666,2,IoT_Fridge.csv;IoT_Thermostat.csv
2,greedy,0.7074074074074074,0.27522935779816515,0.5658461845088318,0.5961896848120282,0.6666666666666666,2,IoT_Modbus.csv;IoT_Fridge.csv
3,greedy,0.6759259259259259,0.23580786026200873,0.5353023244226314,0.7312354766723591,0.6666666666666666,2,IoT_Modbus.csv;IoT_Fridge.csv
