round,strategy,accuracy,f1,auc,fairness,comm_cost,selected_clients,selected_client_names,proxy_f1,proxy_fairness,proxy_comm_cost,pareto_size,hmho_val_f1,hmho_variant
1,mho,0.8111111111111111,0.1774193548387097,0.5794738284461496,0.47656765676567653,0.6666666666666666,2,IoT_Modbus.csv;IoT_Fridge.csv,0.2524271844660194,0.59211337030191,0.6666666666666666,5.0,0.14285714285714285,mho_raw
2,mho,0.7314814814814815,0.3062200956937799,0.593238496225616,0.5882614495331258,0.6666666666666666,2,IoT_Thermostat.csv;IoT_Modbus.csv,0.21348314606741572,0.3333333333333333,0.6666666666666666,8.0,0.23115577889447236,mho_raw
3,mho,0.5648148148148148,0.30678466076696165,0.5838087645432124,0.8682391395801994,0.6666666666666666,2,IoT_Fridge.csv;IoT_Modbus.csv,0.23529411764705882,0.6198044620350084,0.6666666666666666,7.0,0.29357798165137616,mho_mixed
