{
  "all_clients_fedavg": {
    "final_test": {
      "accuracy": 0.8657536562684927,
      "precision": 0.48868175765645805,
      "recall": 0.9657894736842105,
      "f1": 0.6489832007073386,
      "auc": 0.966962248112278
    },
    "final_fairness": {
      "client_f1_mean": 0.6415820609355547,
      "client_f1_std": 0.37842752336547536,
      "client_f1_var": 0.14320739044052738
    },
    "communication_MB": 0.89874267578125,
    "convergence_round_95pct_peak_f1": 8
  },
  "random": {
    "final_test": {
      "accuracy": 0.8655000422689999,
      "precision": 0.4863092942537601,
      "recall": 0.8296052631578947,
      "f1": 0.613177729151471,
      "auc": 0.9477958707516682
    },
    "final_fairness": {
      "client_f1_mean": 0.6100852736341027,
      "client_f1_std": 0.3458542976387074,
      "client_f1_var": 0.11961519519516359
    },
    "communication_MB": 0.449371337890625,
    "convergence_round_95pct_peak_f1": 7
  },
  "greedy": {
    "final_test": {
      "accuracy": 0.8924676642150646,
      "precision": 0.5489344909234412,
      "recall": 0.9151315789473684,
      "f1": 0.686235816477553,
      "auc": 0.9717615165083141
    },
    "final_fairness": {
      "client_f1_mean": 0.6526021172877404,
      "client_f1_std": 0.3575536413870881,
      "client_f1_var": 0.12784460646916643
    },
    "communication_MB": 0.449371337890625,
    "convergence_round_95pct_peak_f1": 9
  },
  "cluster": {
    "final_test": {
      "accuracy": 0.8805478062389044,
      "precision": 0.5189112760692824,
      "recall": 0.9657894736842105,
      "f1": 0.6750977236146241,
      "auc": 0.9687614552435021
    },
    "final_fairness": {
      "client_f1_mean": 0.650193323141431,
      "client_f1_std": 0.373879404970424,
      "client_f1_var": 0.1397858094610383
    },
    "communication_MB": 0.449371337890625,
    "convergence_round_95pct_peak_f1": 8
  },
  "mho": {
    "final_test": {
      "accuracy": 0.8196804463606391,
      "precision": 0.41605039715146536,
      "recall": 0.9993421052631579,
      "f1": 0.5875072519822084,
      "auc": 0.9370181777802737
    },
    "final_fairness": {
      "client_f1_mean": 0.6296649524581719,
      "client_f1_std": 0.3978563682329349,
      "client_f1_var": 0.15828968974350072
    },
    "communication_MB": 0.449371337890625,
    "convergence_round_95pct_peak_f1": 1
  }
}