round,strategy,accuracy,f1,auc,fairness,comm_cost,selected_clients,selected_client_names,proxy_f1,proxy_fairness,proxy_comm_cost,pareto_size
1,mho,0.8377777777777777,0.34626865671641793,0.705956933821084,0.33333333333333337,1.0,3,IoT_Fridge.csv;IoT_Garage_Door.csv;IoT_Weather.csv,0.050505050505050504,0.3333333333333333,1.0,10.0
2,mho,0.802962962962963,0.3282828282828283,0.7037883826626761,0.4595906868946313,1.0,3,IoT_Weather.csv;IoT_Garage_Door.csv;IoT_Fridge.csv,0.3463035019455253,0.5691668008146862,1.0,10.0
3,mho,0.7274074074074074,0.3235294117647059,0.7071509071425931,0.5611626368268496,1.0,3,IoT_Weather.csv;IoT_Garage_Door.csv;IoT_Fridge.csv,0.35804701627486435,0.758987615155435,1.0,5.0
4,mho,0.837037037037037,0.35294117647058826,0.7115896242101762,0.40356044641424427,1.0,3,IoT_Fridge.csv;IoT_Weather.csv;IoT_Garage_Door.csv,0.38345864661654133,0.616356034506995,1.0,1.0
5,mho,0.7466666666666667,0.32941176470588235,0.7192338247792187,0.5596595129810951,1.0,3,IoT_Garage_Door.csv;IoT_Fridge.csv;IoT_Weather.csv,0.383399209486166,0.6134965541590952,1.0,2.0
